fileName,active,#devs,#devsWithRename,diff(#devsWR-#devs)
actionmailer/lib/action_mailer.rb,1,10,10,0
actionmailer/lib/action_mailer/adv_attr_accessor.rb,1,2,2,0
actionmailer/lib/action_mailer/base.rb,1,33,33,0
actionmailer/lib/action_mailer/collector.rb,1,2,2,0
actionmailer/lib/action_mailer/delivery_methods.rb,1,3,3,0
actionmailer/lib/action_mailer/deprecated_api.rb,1,4,4,0
actionmailer/lib/action_mailer/log_subscriber.rb,1,1,1,0
actionmailer/lib/action_mailer/mail_helper.rb,1,4,4,0
actionmailer/lib/action_mailer/old_api.rb,1,6,6,0
actionmailer/lib/action_mailer/railtie.rb,1,8,8,0
actionmailer/lib/action_mailer/tmail_compat.rb,1,2,2,0
actionmailer/lib/action_mailer/version.rb,1,5,5,0
actionmailer/lib/rails/generators/mailer/mailer_generator.rb,1,1,4,3
actionmailer/lib/rails/generators/mailer/templates/mailer.rb,1,1,7,6
actionpack/lib/abstract_controller.rb,1,6,6,0
actionpack/lib/abstract_controller/asset_paths.rb,1,4,4,0
actionpack/lib/abstract_controller/base.rb,1,7,8,1
actionpack/lib/abstract_controller/callbacks.rb,1,4,5,1
actionpack/lib/abstract_controller/collector.rb,1,2,2,0
actionpack/lib/abstract_controller/helpers.rb,1,6,9,3
actionpack/lib/abstract_controller/layouts.rb,1,8,9,1
actionpack/lib/abstract_controller/logger.rb,1,4,5,1
actionpack/lib/abstract_controller/rendering.rb,1,11,12,1
actionpack/lib/abstract_controller/translation.rb,1,1,2,1
actionpack/lib/abstract_controller/view_paths.rb,1,1,1,0
actionpack/lib/action_controller.rb,1,12,12,0
actionpack/lib/action_controller/base.rb,1,25,26,1
actionpack/lib/action_controller/caching.rb,1,10,10,0
actionpack/lib/action_controller/caching/actions.rb,1,12,12,0
actionpack/lib/action_controller/caching/fragments.rb,1,11,11,0
actionpack/lib/action_controller/caching/pages.rb,1,10,10,0
actionpack/lib/action_controller/caching/sweeping.rb,1,3,3,0
actionpack/lib/action_controller/deprecated.rb,1,4,4,0
actionpack/lib/action_controller/deprecated/base.rb,1,7,7,0
actionpack/lib/action_controller/deprecated/dispatcher.rb,1,2,2,0
actionpack/lib/action_controller/log_subscriber.rb,1,1,1,0
actionpack/lib/action_controller/metal.rb,1,11,12,1
actionpack/lib/action_controller/metal/compatibility.rb,1,8,10,2
actionpack/lib/action_controller/metal/conditional_get.rb,1,3,5,2
actionpack/lib/action_controller/metal/cookies.rb,1,6,9,3
actionpack/lib/action_controller/metal/exceptions.rb,1,2,3,1
actionpack/lib/action_controller/metal/flash.rb,1,6,11,5
actionpack/lib/action_controller/metal/head.rb,1,3,3,0
actionpack/lib/action_controller/metal/helpers.rb,1,7,8,1
actionpack/lib/action_controller/metal/hide_actions.rb,1,3,5,2
actionpack/lib/action_controller/metal/http_authentication.rb,1,7,12,5
actionpack/lib/action_controller/metal/implicit_render.rb,1,2,2,0
actionpack/lib/action_controller/metal/instrumentation.rb,1,5,5,0
actionpack/lib/action_controller/metal/mime_responds.rb,1,6,11,5
actionpack/lib/action_controller/metal/rack_delegation.rb,1,3,5,2
actionpack/lib/action_controller/metal/redirecting.rb,1,6,8,2
actionpack/lib/action_controller/metal/renderers.rb,1,6,9,3
actionpack/lib/action_controller/metal/rendering.rb,1,5,5,0
actionpack/lib/action_controller/metal/request_forgery_protection.rb,1,7,13,6
actionpack/lib/action_controller/metal/rescue.rb,1,3,6,3
actionpack/lib/action_controller/metal/responder.rb,1,5,8,3
actionpack/lib/action_controller/metal/session_management.rb,1,3,5,2
actionpack/lib/action_controller/metal/streaming.rb,1,5,10,5
actionpack/lib/action_controller/metal/url_for.rb,1,10,10,0
actionpack/lib/action_controller/middleware.rb,1,3,3,0
actionpack/lib/action_controller/railtie.rb,1,7,7,0
actionpack/lib/action_controller/record_identifier.rb,1,8,8,0
actionpack/lib/action_dispatch.rb,1,11,11,0
actionpack/lib/action_dispatch/http/cache.rb,1,4,4,0
actionpack/lib/action_dispatch/http/filter_parameters.rb,1,5,5,0
actionpack/lib/action_dispatch/http/headers.rb,1,2,2,0
actionpack/lib/action_dispatch/http/mime_negotiation.rb,1,3,3,0
actionpack/lib/action_dispatch/http/mime_type.rb,1,7,8,1
actionpack/lib/action_dispatch/http/mime_types.rb,1,4,4,0
actionpack/lib/action_dispatch/http/parameter_filter.rb,1,1,1,0
actionpack/lib/action_dispatch/http/parameters.rb,1,6,6,0
actionpack/lib/action_dispatch/http/request.rb,1,13,15,2
actionpack/lib/action_dispatch/http/response.rb,1,8,9,1
actionpack/lib/action_dispatch/http/upload.rb,1,3,3,0
actionpack/lib/action_dispatch/http/url.rb,1,4,4,0
actionpack/lib/action_dispatch/middleware/callbacks.rb,1,2,2,0
actionpack/lib/action_dispatch/middleware/cookies.rb,1,6,6,0
actionpack/lib/action_dispatch/middleware/flash.rb,1,5,5,0
actionpack/lib/action_dispatch/middleware/head.rb,1,1,1,0
actionpack/lib/action_dispatch/middleware/params_parser.rb,1,8,8,0
actionpack/lib/action_dispatch/middleware/remote_ip.rb,1,1,1,0
actionpack/lib/action_dispatch/middleware/rescue.rb,1,1,1,0
actionpack/lib/action_dispatch/middleware/session/abstract_store.rb,1,10,10,0
actionpack/lib/action_dispatch/middleware/session/cookie_store.rb,1,13,14,1
actionpack/lib/action_dispatch/middleware/session/mem_cache_store.rb,1,5,5,0
actionpack/lib/action_dispatch/middleware/show_exceptions.rb,1,9,9,0
actionpack/lib/action_dispatch/middleware/stack.rb,1,8,8,0
actionpack/lib/action_dispatch/middleware/static.rb,1,1,1,0
actionpack/lib/action_dispatch/railtie.rb,1,4,4,0
actionpack/lib/action_dispatch/routing.rb,1,15,22,7
actionpack/lib/action_dispatch/routing/deprecated_mapper.rb,1,10,10,0
actionpack/lib/action_dispatch/routing/mapper.rb,1,22,22,0
actionpack/lib/action_dispatch/routing/polymorphic_routes.rb,1,1,1,0
actionpack/lib/action_dispatch/routing/route.rb,1,4,4,0
actionpack/lib/action_dispatch/routing/route_set.rb,1,12,18,6
actionpack/lib/action_dispatch/routing/url_for.rb,1,10,10,0
actionpack/lib/action_pack.rb,1,1,1,0
actionpack/lib/action_pack/version.rb,1,5,5,0
actionpack/lib/action_view.rb,1,12,12,0
actionpack/lib/action_view/base.rb,1,21,21,0
actionpack/lib/action_view/context.rb,1,4,4,0
actionpack/lib/action_view/helpers.rb,1,11,11,0
actionpack/lib/action_view/helpers/active_model_helper.rb,1,13,16,3
actionpack/lib/action_view/helpers/asset_tag_helper.rb,1,29,29,0
actionpack/lib/action_view/helpers/atom_feed_helper.rb,1,8,8,0
actionpack/lib/action_view/helpers/cache_helper.rb,1,6,6,0
actionpack/lib/action_view/helpers/capture_helper.rb,1,12,12,0
actionpack/lib/action_view/helpers/csrf_helper.rb,1,2,2,0
actionpack/lib/action_view/helpers/date_helper.rb,1,19,19,0
actionpack/lib/action_view/helpers/debug_helper.rb,1,4,4,0
actionpack/lib/action_view/helpers/form_helper.rb,1,41,41,0
actionpack/lib/action_view/helpers/form_options_helper.rb,1,20,20,0
actionpack/lib/action_view/helpers/form_tag_helper.rb,1,29,29,0
actionpack/lib/action_view/helpers/javascript_helper.rb,1,11,11,0
actionpack/lib/action_view/helpers/number_helper.rb,1,18,18,0
actionpack/lib/action_view/helpers/prototype_helper.rb,1,19,19,0
actionpack/lib/action_view/helpers/raw_output_helper.rb,1,3,3,0
actionpack/lib/action_view/helpers/record_tag_helper.rb,1,5,5,0
actionpack/lib/action_view/helpers/sanitize_helper.rb,1,9,9,0
actionpack/lib/action_view/helpers/scriptaculous_helper.rb,1,7,7,0
actionpack/lib/action_view/helpers/tag_helper.rb,1,16,16,0
actionpack/lib/action_view/helpers/text_helper.rb,1,28,28,0
actionpack/lib/action_view/helpers/translation_helper.rb,1,9,9,0
actionpack/lib/action_view/helpers/url_helper.rb,1,31,31,0
actionpack/lib/action_view/log_subscriber.rb,1,2,2,0
actionpack/lib/action_view/lookup_context.rb,1,4,4,0
actionpack/lib/action_view/paths.rb,1,10,10,0
actionpack/lib/action_view/railtie.rb,1,6,6,0
actionpack/lib/action_view/render/layouts.rb,1,6,6,0
actionpack/lib/action_view/render/partials.rb,1,12,12,0
actionpack/lib/action_view/render/rendering.rb,1,16,16,0
actionpack/lib/action_view/template.rb,1,13,14,1
actionpack/lib/action_view/template/error.rb,1,9,9,0
actionpack/lib/action_view/template/handler.rb,1,4,4,0
actionpack/lib/action_view/template/handlers.rb,1,5,5,0
actionpack/lib/action_view/template/handlers/builder.rb,1,5,5,0
actionpack/lib/action_view/template/handlers/erb.rb,1,10,11,1
actionpack/lib/action_view/template/handlers/rjs.rb,1,4,4,0
actionpack/lib/action_view/template/resolver.rb,1,9,10,1
actionpack/lib/action_view/template/text.rb,1,7,7,0
activemodel/lib/active_model.rb,1,8,8,0
activemodel/lib/active_model/attribute_methods.rb,1,9,9,0
activemodel/lib/active_model/callbacks.rb,1,7,7,0
activemodel/lib/active_model/conversion.rb,1,6,6,0
activemodel/lib/active_model/deprecated_error_methods.rb,1,3,3,0
activemodel/lib/active_model/dirty.rb,1,12,12,0
activemodel/lib/active_model/errors.rb,1,20,20,0
activemodel/lib/active_model/lint.rb,1,10,10,0
activemodel/lib/active_model/mass_assignment_security.rb,1,2,3,1
activemodel/lib/active_model/mass_assignment_security/permission_set.rb,1,3,4,1
activemodel/lib/active_model/mass_assignment_security/sanitizer.rb,1,2,3,1
activemodel/lib/active_model/naming.rb,1,9,10,1
activemodel/lib/active_model/observing.rb,1,10,10,0
activemodel/lib/active_model/railtie.rb,1,1,1,0
activemodel/lib/active_model/serialization.rb,1,3,3,0
activemodel/lib/active_model/serializers/json.rb,1,6,6,0
activemodel/lib/active_model/serializers/xml.rb,1,7,7,0
activemodel/lib/active_model/translation.rb,1,5,5,0
activemodel/lib/active_model/validations.rb,1,14,14,0
activemodel/lib/active_model/validations/acceptance.rb,1,8,8,0
activemodel/lib/active_model/validations/callbacks.rb,1,2,2,0
activemodel/lib/active_model/validations/confirmation.rb,1,7,7,0
activemodel/lib/active_model/validations/exclusion.rb,1,8,8,0
activemodel/lib/active_model/validations/format.rb,1,8,8,0
activemodel/lib/active_model/validations/inclusion.rb,1,10,10,0
activemodel/lib/active_model/validations/length.rb,1,11,11,0
activemodel/lib/active_model/validations/numericality.rb,1,12,12,0
activemodel/lib/active_model/validations/presence.rb,1,7,7,0
activemodel/lib/active_model/validations/validates.rb,1,4,4,0
activemodel/lib/active_model/validations/with.rb,1,6,6,0
activemodel/lib/active_model/validator.rb,1,9,10,1
activemodel/lib/active_model/version.rb,1,5,5,0
activerecord/lib/active_record.rb,1,16,16,0
activerecord/lib/active_record/aggregations.rb,1,8,8,0
activerecord/lib/active_record/association_preload.rb,1,13,13,0
activerecord/lib/active_record/associations.rb,1,56,56,0
activerecord/lib/active_record/associations/association_collection.rb,1,24,24,0
activerecord/lib/active_record/associations/association_proxy.rb,1,12,12,0
activerecord/lib/active_record/associations/belongs_to_association.rb,1,4,4,0
activerecord/lib/active_record/associations/belongs_to_polymorphic_association.rb,1,4,4,0
activerecord/lib/active_record/associations/has_and_belongs_to_many_association.rb,1,13,13,0
activerecord/lib/active_record/associations/has_many_association.rb,1,14,14,0
activerecord/lib/active_record/associations/has_many_through_association.rb,1,15,15,0
activerecord/lib/active_record/associations/has_one_association.rb,1,8,8,0
activerecord/lib/active_record/associations/has_one_through_association.rb,1,4,4,0
activerecord/lib/active_record/associations/through_association_scope.rb,1,8,8,0
activerecord/lib/active_record/attribute_methods.rb,1,10,10,0
activerecord/lib/active_record/attribute_methods/before_type_cast.rb,1,3,3,0
activerecord/lib/active_record/attribute_methods/dirty.rb,1,9,9,0
activerecord/lib/active_record/attribute_methods/primary_key.rb,1,3,3,0
activerecord/lib/active_record/attribute_methods/query.rb,1,4,4,0
activerecord/lib/active_record/attribute_methods/read.rb,1,5,5,0
activerecord/lib/active_record/attribute_methods/time_zone_conversion.rb,1,5,5,0
activerecord/lib/active_record/attribute_methods/write.rb,1,4,4,0
activerecord/lib/active_record/autosave_association.rb,1,21,21,0
activerecord/lib/active_record/base.rb,1,73,73,0
activerecord/lib/active_record/callbacks.rb,1,16,16,0
activerecord/lib/active_record/connection_adapters/abstract/connection_pool.rb,1,13,13,0
activerecord/lib/active_record/connection_adapters/abstract/connection_specification.rb,1,6,6,0
activerecord/lib/active_record/connection_adapters/abstract/database_limits.rb,1,1,1,0
activerecord/lib/active_record/connection_adapters/abstract/database_statements.rb,1,7,7,0
activerecord/lib/active_record/connection_adapters/abstract/query_cache.rb,1,7,7,0
activerecord/lib/active_record/connection_adapters/abstract/quoting.rb,1,2,2,0
activerecord/lib/active_record/connection_adapters/abstract/schema_definitions.rb,1,18,18,0
activerecord/lib/active_record/connection_adapters/abstract/schema_statements.rb,1,21,21,0
activerecord/lib/active_record/connection_adapters/abstract_adapter.rb,1,16,16,0
activerecord/lib/active_record/connection_adapters/mysql_adapter.rb,1,22,22,0
activerecord/lib/active_record/connection_adapters/postgresql_adapter.rb,1,19,19,0
activerecord/lib/active_record/connection_adapters/sqlite3_adapter.rb,1,5,5,0
activerecord/lib/active_record/connection_adapters/sqlite_adapter.rb,1,17,17,0
activerecord/lib/active_record/counter_cache.rb,1,5,5,0
activerecord/lib/active_record/dynamic_finder_match.rb,1,3,3,0
activerecord/lib/active_record/dynamic_scope_match.rb,1,1,1,0
activerecord/lib/active_record/errors.rb,1,2,2,0
activerecord/lib/active_record/fixtures.rb,1,15,15,0
activerecord/lib/active_record/locking/optimistic.rb,1,9,9,0
activerecord/lib/active_record/locking/pessimistic.rb,1,1,1,0
activerecord/lib/active_record/log_subscriber.rb,1,3,3,0
activerecord/lib/active_record/migration.rb,1,17,17,0
activerecord/lib/active_record/named_scope.rb,1,21,21,0
activerecord/lib/active_record/nested_attributes.rb,1,22,22,0
activerecord/lib/active_record/observer.rb,1,8,8,0
activerecord/lib/active_record/persistence.rb,1,5,5,0
activerecord/lib/active_record/query_cache.rb,1,2,2,0
activerecord/lib/active_record/railtie.rb,1,8,9,1
activerecord/lib/active_record/railties/controller_runtime.rb,1,3,3,0
activerecord/lib/active_record/reflection.rb,1,13,13,0
activerecord/lib/active_record/relation.rb,1,12,12,0
activerecord/lib/active_record/relation/batches.rb,1,4,4,0
activerecord/lib/active_record/relation/calculations.rb,1,5,6,1
activerecord/lib/active_record/relation/finder_methods.rb,1,6,6,0
activerecord/lib/active_record/relation/predicate_builder.rb,1,5,5,0
activerecord/lib/active_record/relation/query_methods.rb,1,10,10,0
activerecord/lib/active_record/relation/spawn_methods.rb,1,6,6,0
activerecord/lib/active_record/schema.rb,1,3,3,0
activerecord/lib/active_record/schema_dumper.rb,1,11,11,0
activerecord/lib/active_record/serialization.rb,1,3,3,0
activerecord/lib/active_record/serializers/xml_serializer.rb,1,7,7,0
activerecord/lib/active_record/session_store.rb,1,10,10,0
activerecord/lib/active_record/timestamp.rb,1,9,9,0
activerecord/lib/active_record/transactions.rb,1,13,13,0
activerecord/lib/active_record/validations.rb,1,23,23,0
activerecord/lib/active_record/validations/associated.rb,1,3,4,1
activerecord/lib/active_record/validations/uniqueness.rb,1,6,7,1
activerecord/lib/active_record/version.rb,1,5,5,0
activerecord/lib/rails/generators/active_record.rb,1,2,5,3
activerecord/lib/rails/generators/active_record/migration/migration_generator.rb,1,1,3,2
activerecord/lib/rails/generators/active_record/migration/templates/migration.rb,1,4,6,2
activerecord/lib/rails/generators/active_record/model/model_generator.rb,1,3,6,3
activerecord/lib/rails/generators/active_record/model/templates/migration.rb,1,1,3,2
activerecord/lib/rails/generators/active_record/model/templates/model.rb,1,1,3,2
activerecord/lib/rails/generators/active_record/model/templates/module.rb,1,1,1,0
activerecord/lib/rails/generators/active_record/observer/observer_generator.rb,1,1,3,2
activerecord/lib/rails/generators/active_record/observer/templates/observer.rb,1,1,3,2
activerecord/lib/rails/generators/active_record/session_migration/session_migration_generator.rb,1,1,4,3
activerecord/lib/rails/generators/active_record/session_migration/templates/migration.rb,1,1,3,2
activeresource/lib/active_resource.rb,1,4,4,0
activeresource/lib/active_resource/base.rb,1,26,26,0
activeresource/lib/active_resource/connection.rb,1,12,12,0
activeresource/lib/active_resource/custom_methods.rb,1,3,3,0
activeresource/lib/active_resource/exceptions.rb,1,4,4,0
activeresource/lib/active_resource/formats.rb,1,1,1,0
activeresource/lib/active_resource/formats/json_format.rb,1,1,1,0
activeresource/lib/active_resource/formats/xml_format.rb,1,2,2,0
activeresource/lib/active_resource/http_mock.rb,1,8,8,0
activeresource/lib/active_resource/log_subscriber.rb,1,1,1,0
activeresource/lib/active_resource/observing.rb,1,1,1,0
activeresource/lib/active_resource/railtie.rb,1,3,3,0
activeresource/lib/active_resource/schema.rb,1,2,3,1
activeresource/lib/active_resource/validations.rb,1,11,11,0
activeresource/lib/active_resource/version.rb,1,5,5,0
activesupport/lib/active_support.rb,1,7,7,0
activesupport/lib/active_support/all.rb,1,4,4,0
activesupport/lib/active_support/backtrace_cleaner.rb,1,2,2,0
activesupport/lib/active_support/base64.rb,1,2,2,0
activesupport/lib/active_support/basic_object.rb,1,1,1,0
activesupport/lib/active_support/benchmarkable.rb,1,2,2,0
activesupport/lib/active_support/buffered_logger.rb,1,8,8,0
activesupport/lib/active_support/builder.rb,1,1,1,0
activesupport/lib/active_support/cache.rb,1,13,13,0
activesupport/lib/active_support/cache/compressed_mem_cache_store.rb,1,2,2,0
activesupport/lib/active_support/cache/file_store.rb,1,6,6,0
activesupport/lib/active_support/cache/mem_cache_store.rb,1,14,14,0
activesupport/lib/active_support/cache/memory_store.rb,1,8,8,0
activesupport/lib/active_support/cache/strategy/local_cache.rb,1,7,7,0
activesupport/lib/active_support/cache/synchronized_memory_store.rb,1,2,2,0
activesupport/lib/active_support/callbacks.rb,1,13,13,0
activesupport/lib/active_support/concern.rb,1,1,1,0
activesupport/lib/active_support/configurable.rb,1,2,2,0
activesupport/lib/active_support/core_ext.rb,1,1,1,0
activesupport/lib/active_support/core_ext/array.rb,1,4,4,0
activesupport/lib/active_support/core_ext/array/access.rb,1,5,5,0
activesupport/lib/active_support/core_ext/array/conversions.rb,1,13,13,0
activesupport/lib/active_support/core_ext/array/extract_options.rb,1,2,2,0
activesupport/lib/active_support/core_ext/array/grouping.rb,1,3,3,0
activesupport/lib/active_support/core_ext/array/random_access.rb,1,5,5,0
activesupport/lib/active_support/core_ext/array/uniq_by.rb,1,2,2,0
activesupport/lib/active_support/core_ext/array/wrap.rb,1,4,4,0
activesupport/lib/active_support/core_ext/benchmark.rb,1,1,1,0
activesupport/lib/active_support/core_ext/big_decimal.rb,1,1,1,0
activesupport/lib/active_support/core_ext/big_decimal/conversions.rb,1,1,2,1
activesupport/lib/active_support/core_ext/cgi.rb,1,1,1,0
activesupport/lib/active_support/core_ext/cgi/escape_skipping_slashes.rb,1,2,2,0
activesupport/lib/active_support/core_ext/class.rb,1,3,3,0
activesupport/lib/active_support/core_ext/class/attribute.rb,1,5,5,0
activesupport/lib/active_support/core_ext/class/attribute_accessors.rb,1,7,7,0
activesupport/lib/active_support/core_ext/class/delegating_attributes.rb,1,8,8,0
activesupport/lib/active_support/core_ext/class/inheritable_attributes.rb,1,8,8,0
activesupport/lib/active_support/core_ext/class/subclasses.rb,1,3,3,0
activesupport/lib/active_support/core_ext/date/acts_like.rb,1,1,1,0
activesupport/lib/active_support/core_ext/date/calculations.rb,1,8,8,0
activesupport/lib/active_support/core_ext/date/conversions.rb,1,5,5,0
activesupport/lib/active_support/core_ext/date/freeze.rb,1,1,1,0
activesupport/lib/active_support/core_ext/date/zones.rb,1,1,1,0
activesupport/lib/active_support/core_ext/date_time/acts_like.rb,1,1,1,0
activesupport/lib/active_support/core_ext/date_time/calculations.rb,1,3,3,0
activesupport/lib/active_support/core_ext/date_time/conversions.rb,1,6,6,0
activesupport/lib/active_support/core_ext/date_time/zones.rb,1,3,3,0
activesupport/lib/active_support/core_ext/enumerable.rb,1,7,7,0
activesupport/lib/active_support/core_ext/exception.rb,1,2,2,0
activesupport/lib/active_support/core_ext/file.rb,1,2,2,0
activesupport/lib/active_support/core_ext/file/atomic.rb,1,2,2,0
activesupport/lib/active_support/core_ext/file/path.rb,1,1,1,0
activesupport/lib/active_support/core_ext/float.rb,1,1,1,0
activesupport/lib/active_support/core_ext/float/rounding.rb,1,3,3,0
activesupport/lib/active_support/core_ext/hash.rb,1,3,3,0
activesupport/lib/active_support/core_ext/hash/conversions.rb,1,12,12,0
activesupport/lib/active_support/core_ext/hash/deep_merge.rb,1,5,5,0
activesupport/lib/active_support/core_ext/hash/diff.rb,1,2,2,0
activesupport/lib/active_support/core_ext/hash/except.rb,1,5,5,0
activesupport/lib/active_support/core_ext/hash/indifferent_access.rb,1,4,4,0
activesupport/lib/active_support/core_ext/hash/keys.rb,1,6,6,0
activesupport/lib/active_support/core_ext/hash/reverse_merge.rb,1,4,4,0
activesupport/lib/active_support/core_ext/hash/slice.rb,1,2,2,0
activesupport/lib/active_support/core_ext/integer.rb,1,2,2,0
activesupport/lib/active_support/core_ext/integer/inflections.rb,1,1,1,0
activesupport/lib/active_support/core_ext/integer/multiple.rb,1,1,1,0
activesupport/lib/active_support/core_ext/integer/time.rb,1,1,1,0
activesupport/lib/active_support/core_ext/kernel.rb,1,1,1,0
activesupport/lib/active_support/core_ext/kernel/agnostics.rb,0,0,0,0
activesupport/lib/active_support/core_ext/kernel/debugger.rb,1,4,4,0
activesupport/lib/active_support/core_ext/kernel/reporting.rb,1,3,3,0
activesupport/lib/active_support/core_ext/kernel/requires.rb,1,2,2,0
activesupport/lib/active_support/core_ext/kernel/singleton_class.rb,1,1,2,1
activesupport/lib/active_support/core_ext/load_error.rb,1,3,3,0
activesupport/lib/active_support/core_ext/logger.rb,1,7,7,0
activesupport/lib/active_support/core_ext/module.rb,1,6,6,0
activesupport/lib/active_support/core_ext/module/aliasing.rb,1,4,4,0
activesupport/lib/active_support/core_ext/module/anonymous.rb,1,1,1,0
activesupport/lib/active_support/core_ext/module/attr_accessor_with_default.rb,1,3,3,0
activesupport/lib/active_support/core_ext/module/attr_internal.rb,1,3,3,0
activesupport/lib/active_support/core_ext/module/attribute_accessors.rb,1,7,7,0
activesupport/lib/active_support/core_ext/module/delegation.rb,1,9,9,0
activesupport/lib/active_support/core_ext/module/deprecation.rb,1,1,1,0
activesupport/lib/active_support/core_ext/module/introspection.rb,1,2,2,0
activesupport/lib/active_support/core_ext/module/method_names.rb,1,1,1,0
activesupport/lib/active_support/core_ext/module/reachable.rb,1,1,1,0
activesupport/lib/active_support/core_ext/module/remove_method.rb,1,2,2,0
activesupport/lib/active_support/core_ext/module/synchronization.rb,1,4,4,0
activesupport/lib/active_support/core_ext/name_error.rb,1,1,1,0
activesupport/lib/active_support/core_ext/numeric.rb,1,1,1,0
activesupport/lib/active_support/core_ext/numeric/bytes.rb,1,2,2,0
activesupport/lib/active_support/core_ext/numeric/time.rb,1,1,1,0
activesupport/lib/active_support/core_ext/object.rb,1,4,4,0
activesupport/lib/active_support/core_ext/object/acts_like.rb,1,1,1,0
activesupport/lib/active_support/core_ext/object/blank.rb,1,2,2,0
activesupport/lib/active_support/core_ext/object/conversions.rb,1,1,1,0
activesupport/lib/active_support/core_ext/object/duplicable.rb,1,4,4,0
activesupport/lib/active_support/core_ext/object/instance_variables.rb,1,1,1,0
activesupport/lib/active_support/core_ext/object/to_json.rb,1,1,1,0
activesupport/lib/active_support/core_ext/object/to_param.rb,1,6,6,0
activesupport/lib/active_support/core_ext/object/to_query.rb,1,2,2,0
activesupport/lib/active_support/core_ext/object/try.rb,1,1,3,2
activesupport/lib/active_support/core_ext/object/with_options.rb,1,2,2,0
activesupport/lib/active_support/core_ext/proc.rb,1,6,6,0
activesupport/lib/active_support/core_ext/process.rb,0,0,0,0
activesupport/lib/active_support/core_ext/process/daemon.rb,1,1,1,0
activesupport/lib/active_support/core_ext/range.rb,1,1,1,0
activesupport/lib/active_support/core_ext/range/blockless_step.rb,1,1,1,0
activesupport/lib/active_support/core_ext/range/conversions.rb,1,3,3,0
activesupport/lib/active_support/core_ext/range/include_range.rb,1,1,1,0
activesupport/lib/active_support/core_ext/range/overlaps.rb,1,2,2,0
activesupport/lib/active_support/core_ext/regexp.rb,1,3,3,0
activesupport/lib/active_support/core_ext/rexml.rb,1,4,4,0
activesupport/lib/active_support/core_ext/string.rb,1,5,5,0
activesupport/lib/active_support/core_ext/string/access.rb,1,4,4,0
activesupport/lib/active_support/core_ext/string/behavior.rb,1,1,1,0
activesupport/lib/active_support/core_ext/string/conversions.rb,1,5,5,0
activesupport/lib/active_support/core_ext/string/encoding.rb,1,2,2,0
activesupport/lib/active_support/core_ext/string/exclude.rb,1,1,1,0
activesupport/lib/active_support/core_ext/string/filters.rb,1,3,3,0
activesupport/lib/active_support/core_ext/string/inflections.rb,1,8,8,0
activesupport/lib/active_support/core_ext/string/interpolation.rb,1,9,9,0
activesupport/lib/active_support/core_ext/string/multibyte.rb,1,5,5,0
activesupport/lib/active_support/core_ext/string/output_safety.rb,1,9,9,0
activesupport/lib/active_support/core_ext/string/starts_ends_with.rb,1,2,2,0
activesupport/lib/active_support/core_ext/string/xchar.rb,1,2,2,0
activesupport/lib/active_support/core_ext/time/acts_like.rb,1,1,1,0
activesupport/lib/active_support/core_ext/time/calculations.rb,1,8,8,0
activesupport/lib/active_support/core_ext/time/conversions.rb,1,5,5,0
activesupport/lib/active_support/core_ext/time/marshal.rb,1,1,1,0
activesupport/lib/active_support/core_ext/time/publicize_conversion_methods.rb,1,1,1,0
activesupport/lib/active_support/core_ext/time/zones.rb,1,4,4,0
activesupport/lib/active_support/core_ext/uri.rb,1,4,4,0
activesupport/lib/active_support/dependencies.rb,1,9,9,0
activesupport/lib/active_support/dependencies/autoload.rb,1,3,3,0
activesupport/lib/active_support/deprecation.rb,1,4,4,0
activesupport/lib/active_support/deprecation/behaviors.rb,1,5,5,0
activesupport/lib/active_support/deprecation/method_wrappers.rb,1,3,3,0
activesupport/lib/active_support/deprecation/proxy_wrappers.rb,1,3,3,0
activesupport/lib/active_support/deprecation/reporting.rb,1,2,2,0
activesupport/lib/active_support/descendants_tracker.rb,1,2,2,0
activesupport/lib/active_support/duration.rb,1,5,5,0
activesupport/lib/active_support/file_update_checker.rb,1,2,2,0
activesupport/lib/active_support/gzip.rb,0,0,0,0
activesupport/lib/active_support/hash_with_indifferent_access.rb,1,4,4,0
activesupport/lib/active_support/i18n.rb,1,4,4,0
activesupport/lib/active_support/i18n_railtie.rb,1,1,1,0
activesupport/lib/active_support/inflections.rb,1,2,2,0
activesupport/lib/active_support/inflector.rb,1,11,11,0
activesupport/lib/active_support/inflector/inflections.rb,1,3,3,0
activesupport/lib/active_support/inflector/methods.rb,1,4,4,0
activesupport/lib/active_support/inflector/transliterate.rb,1,6,6,0
activesupport/lib/active_support/json.rb,1,4,4,0
activesupport/lib/active_support/json/backends/jsongem.rb,1,3,3,0
activesupport/lib/active_support/json/backends/yajl.rb,1,2,2,0
activesupport/lib/active_support/json/backends/yaml.rb,1,6,6,0
activesupport/lib/active_support/json/decoding.rb,1,9,9,0
activesupport/lib/active_support/json/encoding.rb,1,9,9,0
activesupport/lib/active_support/json/variable.rb,1,3,3,0
activesupport/lib/active_support/lazy_load_hooks.rb,1,1,1,0
activesupport/lib/active_support/log_subscriber.rb,1,4,10,6
activesupport/lib/active_support/memoizable.rb,1,10,10,0
activesupport/lib/active_support/message_encryptor.rb,1,1,1,0
activesupport/lib/active_support/message_verifier.rb,1,10,10,0
activesupport/lib/active_support/multibyte.rb,1,6,6,0
activesupport/lib/active_support/multibyte/chars.rb,1,17,17,0
activesupport/lib/active_support/multibyte/exceptions.rb,0,0,0,0
activesupport/lib/active_support/multibyte/unicode.rb,1,2,2,0
activesupport/lib/active_support/multibyte/utils.rb,1,5,5,0
activesupport/lib/active_support/notifications.rb,1,8,8,0
activesupport/lib/active_support/notifications/fanout.rb,1,7,7,0
activesupport/lib/active_support/notifications/instrumenter.rb,1,5,5,0
activesupport/lib/active_support/option_merger.rb,1,1,1,0
activesupport/lib/active_support/ordered_hash.rb,1,11,11,0
activesupport/lib/active_support/ordered_options.rb,1,2,2,0
activesupport/lib/active_support/railtie.rb,1,4,4,0
activesupport/lib/active_support/rescuable.rb,1,4,4,0
activesupport/lib/active_support/ruby/shim.rb,1,5,5,0
activesupport/lib/active_support/secure_random.rb,0,0,0,0
activesupport/lib/active_support/string_inquirer.rb,1,1,1,0
activesupport/lib/active_support/time.rb,1,2,2,0
activesupport/lib/active_support/time/autoload.rb,1,1,1,0
activesupport/lib/active_support/time_with_zone.rb,1,12,12,0
activesupport/lib/active_support/values/time_zone.rb,1,13,13,0
activesupport/lib/active_support/version.rb,1,5,5,0
activesupport/lib/active_support/whiny_nil.rb,1,5,5,0
activesupport/lib/active_support/xml_mini.rb,1,7,7,0
activesupport/lib/active_support/xml_mini/jdom.rb,1,5,5,0
activesupport/lib/active_support/xml_mini/libxml.rb,1,8,8,0
activesupport/lib/active_support/xml_mini/libxmlsax.rb,1,2,2,0
activesupport/lib/active_support/xml_mini/nokogiri.rb,1,8,8,0
activesupport/lib/active_support/xml_mini/nokogirisax.rb,1,2,2,0
activesupport/lib/active_support/xml_mini/rexml.rb,1,9,9,0
ci/ci_build.rb,1,9,9,0
ci/cruise_config.rb,1,3,3,0
ci/site_config.rb,1,2,2,0
install.rb,1,1,1,0
load_paths.rb,1,4,4,0
railties/guides/rails_guides.rb,1,3,3,0
railties/guides/rails_guides/generator.rb,1,5,5,0
railties/guides/rails_guides/helpers.rb,1,2,2,0
railties/guides/rails_guides/indexer.rb,1,3,3,0
railties/guides/rails_guides/levenshtein.rb,1,3,3,0
railties/guides/rails_guides/textile_extensions.rb,1,2,2,0
railties/guides/w3c_validator.rb,1,1,1,0
railties/lib/rails.rb,1,11,11,0
railties/lib/rails/all.rb,1,4,4,0
railties/lib/rails/application.rb,1,12,12,0
railties/lib/rails/application/bootstrap.rb,1,4,4,0
railties/lib/rails/application/configurable.rb,1,1,1,0
railties/lib/rails/application/configuration.rb,1,7,7,0
railties/lib/rails/application/finisher.rb,1,4,4,0
railties/lib/rails/application/railties.rb,1,1,1,0
railties/lib/rails/backtrace_cleaner.rb,1,7,7,0
railties/lib/rails/cli.rb,1,2,7,5
railties/lib/rails/code_statistics.rb,1,2,2,0
railties/lib/rails/commands.rb,1,6,6,0
railties/lib/rails/commands/application.rb,1,5,5,0
railties/lib/rails/commands/benchmarker.rb,1,1,6,5
railties/lib/rails/commands/console.rb,1,8,9,1
railties/lib/rails/commands/dbconsole.rb,1,8,10,2
railties/lib/rails/commands/destroy.rb,1,4,4,0
railties/lib/rails/commands/generate.rb,1,6,6,0
railties/lib/rails/commands/plugin.rb,1,5,7,2
railties/lib/rails/commands/profiler.rb,1,1,7,6
railties/lib/rails/commands/runner.rb,1,8,8,0
railties/lib/rails/commands/server.rb,1,14,17,3
railties/lib/rails/commands/update.rb,1,2,3,1
railties/lib/rails/configuration.rb,1,12,12,0
railties/lib/rails/console/app.rb,1,4,8,4
railties/lib/rails/console/helpers.rb,1,2,4,2
railties/lib/rails/console/sandbox.rb,1,1,3,2
railties/lib/rails/deprecation.rb,1,4,4,0
railties/lib/rails/engine.rb,1,10,10,0
railties/lib/rails/engine/configurable.rb,1,1,1,0
railties/lib/rails/engine/configuration.rb,1,4,4,0
railties/lib/rails/generators.rb,1,10,10,0
railties/lib/rails/generators/actions.rb,1,12,14,2
railties/lib/rails/generators/active_model.rb,1,3,3,0
railties/lib/rails/generators/base.rb,1,8,8,0
railties/lib/rails/generators/erb.rb,1,3,3,0
railties/lib/rails/generators/erb/controller/controller_generator.rb,1,3,4,1
railties/lib/rails/generators/erb/mailer/mailer_generator.rb,1,3,4,1
railties/lib/rails/generators/erb/scaffold/scaffold_generator.rb,1,4,4,0
railties/lib/rails/generators/generated_attribute.rb,1,3,4,1
railties/lib/rails/generators/migration.rb,1,5,5,0
railties/lib/rails/generators/named_base.rb,1,6,7,1
railties/lib/rails/generators/rails/app/app_generator.rb,1,15,20,5
railties/lib/rails/generators/rails/app/templates/app/controllers/application_controller.rb,1,5,5,0
railties/lib/rails/generators/rails/app/templates/app/helpers/application_helper.rb,1,4,4,0
railties/lib/rails/generators/rails/app/templates/config/application.rb,1,9,10,1
railties/lib/rails/generators/rails/app/templates/config/boot.rb,1,8,10,2
railties/lib/rails/generators/rails/app/templates/config/environment.rb,1,6,7,1
railties/lib/rails/generators/rails/app/templates/config/initializers/backtrace_silencers.rb,1,3,4,1
railties/lib/rails/generators/rails/app/templates/config/initializers/inflections.rb,1,4,4,0
railties/lib/rails/generators/rails/app/templates/config/initializers/mime_types.rb,1,3,3,0
railties/lib/rails/generators/rails/app/templates/config/routes.rb,1,5,5,0
railties/lib/rails/generators/rails/app/templates/db/seeds.rb,1,3,4,1
railties/lib/rails/generators/rails/controller/controller_generator.rb,1,3,3,0
railties/lib/rails/generators/rails/controller/templates/controller.rb,1,3,3,0
railties/lib/rails/generators/rails/generator/generator_generator.rb,1,3,4,1
railties/lib/rails/generators/rails/helper/helper_generator.rb,1,3,3,0
railties/lib/rails/generators/rails/helper/templates/helper.rb,1,3,3,0
railties/lib/rails/generators/rails/migration/migration_generator.rb,1,3,3,0
railties/lib/rails/generators/rails/model/model_generator.rb,1,3,3,0
railties/lib/rails/generators/rails/observer/observer_generator.rb,1,3,3,0
railties/lib/rails/generators/rails/plugin/plugin_generator.rb,1,3,3,0
railties/lib/rails/generators/rails/plugin/templates/init.rb,1,3,3,0
railties/lib/rails/generators/rails/plugin/templates/install.rb,1,3,3,0
railties/lib/rails/generators/rails/plugin/templates/uninstall.rb,1,3,3,0
railties/lib/rails/generators/rails/resource/resource_generator.rb,1,7,8,1
railties/lib/rails/generators/rails/scaffold/scaffold_generator.rb,1,4,4,0
railties/lib/rails/generators/rails/scaffold_controller/scaffold_controller_generator.rb,1,4,5,1
railties/lib/rails/generators/rails/scaffold_controller/templates/controller.rb,1,7,7,0
railties/lib/rails/generators/rails/session_migration/session_migration_generator.rb,1,3,3,0
railties/lib/rails/generators/rails/stylesheets/stylesheets_generator.rb,1,4,4,0
railties/lib/rails/generators/resource_helpers.rb,1,5,5,0
railties/lib/rails/info.rb,1,4,9,5
railties/lib/rails/info_controller.rb,1,1,3,2
railties/lib/rails/info_routes.rb,1,2,6,4
railties/lib/rails/initializable.rb,1,7,7,0
railties/lib/rails/paths.rb,1,4,4,0
railties/lib/rails/plugin.rb,1,12,12,0
railties/lib/rails/rack.rb,1,2,2,0
railties/lib/rails/rack/debugger.rb,1,5,5,0
railties/lib/rails/rack/log_tailer.rb,1,5,5,0
railties/lib/rails/rack/logger.rb,1,4,4,0
railties/lib/rails/rack/static.rb,1,2,2,0
railties/lib/rails/railtie.rb,1,8,8,0
railties/lib/rails/railtie/configurable.rb,1,1,1,0
railties/lib/rails/railtie/configuration.rb,1,4,4,0
railties/lib/rails/ruby_version_check.rb,1,4,4,0
railties/lib/rails/rubyprof_ext.rb,1,2,2,0
railties/lib/rails/script_rails_loader.rb,1,1,1,0
railties/lib/rails/source_annotation_extractor.rb,1,2,3,1
railties/lib/rails/tasks.rb,1,3,3,0
railties/lib/rails/version.rb,1,5,5,0
release.rb,1,2,2,0
version.rb,1,3,3,0
